"","x"
"1","                 there is no way that i could describe my emotions for this movie  i m totally speechless  i haven t laughed  even cried  this much in marvel movie or even in any movie  i m fully on my emotion  there are so many tears of joy and loss  amazing story  the acting is outstanding  epic action  great cgi  the best storytelling ever told in a superhero movie  amazing performance  i love it more than 3000 happiness  sadness  pure joy  excitement    i m gonna miss this moment in my whole life because let s face it  it s been awhile movies can bring such a big enthusiasm like this it is such an experience you ll gonna remember it forever  people are clapping  laughing  crying  full of a state emotion  it s 3 hours long but it went by like a finger snapping by thanos  and now i m thinking i m actually in quantum realm because it felt like 5 seconds  even though you know where the story is gonna bring you because it s still a  superhero movie  but it left me speechless  it s not just a superhero movie  it s more than that   spoiler alert  even some characters that you didn t like before  you will love them in this movie  like captain marvel  i didn t like her before in her own movie but in endgame they showed how powerful  how strong and how capable she really is  and now i kinda love her  but marvel should really be careful of her line though  i didn t like some of her line like  i m the strongest  and  you didn t win because before you didn t have me  duh  also not gonna forget hawkeye  to be honest  in avengers i really didn t like hawkeye because he s just a  guy  with an arrow and just randomly showed up in any scene but actually he s character is so badass  everything that we need  what we want is here also i don t get it why some people can not accept that thor is fat or treat him like a joke  i mean  this movie might be trying to give us a message about no matter what  shape  are you  you can be a hero and save the world  to be honest  i like what they did to thor  that man is depressed and taking the most responsible after he missed the shot to kill thanos in infinity war  even though he already did killed him but it s not gonna bring back his people of asgard  also he s god of thunder for god sake  he could slap his stomach with thunder and got his abs back i m so happy too for captain america  finally he could do his dance with peggy and i didn t expected that we could see the fight between captain america with his own self  also when tony met his father really warm my heart  and we can see the  real life  jarvis   i didn t expected that too when the whole superhero arrived it is so epic  the whole person in theater are screaming and shocked  gives me a goosebumps and still left me speechless this movie is absolute perfection  the ending of this movie is we and the characters deserved  it gives a perfect balance for all these past 10 years  epic and perfect ending  i was not disappointed at all  this movie was completely emotional and visually stunning  now i get it why the russo brothers told us to do a marvel movie marathon before watching endgame because this movie had everything to accomplish what left behind before all of this ready or not  whatever it takes go watch it for yourself                                       4 207 out of 6 379 found this helpful                                                       was this review helpful   sign in to vote                                                   permalink                              "
"2","                 can t ignore the truth that this is a super hero film  while except the last several minute  other plots can attract any attention  can t even compare with avengers  infinity war  narrative thread and music disordered throughout 3 hour movie                                       16 out of 20 found this helpful                                                       was this review helpful   sign in to vote                                                   permalink                              "
"3","                 the first part of the movie is a sitcom  talking and dad s jokes  it almost    catches up with  friends   if only movie was released in 1999    the second part is even worse  it reassembles  back to the future  but it definitely does not catch up even to 1989  and there is this third part  explosion of    left wing ideology  you will instantly get a t cd4 lymphocytes drop and vomit with rainbows  it ends with  spoiler alert capitan america being now black  the cgi is great  i enjoyed it very much  but the best part of the movie was a trailer before  there is still hope in this modern world   bad boys  are still black and still as brilliant as in 2009  i m looking forward to watching them again                                       15 out of 19 found this helpful                                                       was this review helpful   sign in to vote                                                   permalink                              "
"4","                 the film begins with the aftereffects of the culling by bad guy thanos  that s where everything starts to go wrong  according to the story  half of all life disappears in the universe  i can t speak for the universe  but i can speak for earth when i say this is seriously overblown being gen x  i actually remember a time when the population of the planet was at 3 4 billion people  it was 1971  one of the big problems that faced us was    wait for it    overpopulation  still  with that many people we managed to send people to the moon  create things and still  somehow  survive  all that would happen would be a drastic reduction in real estate prices  a surplus of goods and the earth would get around four decades of time to stop the train wreck of climate change  in the avenger endgame  people prefer to mope and everyone has forgotten how to clean things instead  the avengers get weepy  they decide to  fix  things through time travel  this is  believe it or not  the highlight of the film  once they accomplish their  time heist  the punching begins  then the punching continues  then it s followed by more punching  more avengers join in the punching  much cgi nonsense follows  capitan america gets a scrape on his face  the only part of him that seems susceptible to damage  everyone carries the magic glove around while  yes  more punching follows finally  when they run out of punches  iron man snaps his fingers and it all stops  tears are shed and the viewer is left asking why this mess couldn t take about two hours less than it did  overall  i give it a seven for the time travel  take away three for the endless punch fest and two more for the fact that the whole thing is stupid absurd  it s a great film to watch on a plane where you can skip through most of it                                       15 out of 19 found this helpful                                                       was this review helpful   sign in to vote                                                   permalink                              "
"5","                 i feel the same as most ppl in the reviews  time travel plot  professor hulk  fat emotional thor  killing the best villan off in the first 20 mins  strange girl power moment  plugging future marvel films boxsets  it s like got season 8 all over again  second time is a much better watch  the expectation is gone which really helps  it s not bad  not infinity war 2 however                                       15 out of 19 found this helpful                                                       was this review helpful   sign in to vote                                                   permalink                              "
"6","                 the whole thing is just a disaster  the very premise  that thanos thinks getting rid of half of the living things in the universe  not half the human or half the sentient beings  but half the cows   half the chickens   half the space creatures too  is just to dumb to handle  a five year old could tell you that s a stupid plan  and yet we re supposed to believe a titan can t see the flaw in it   i d say the single bright spot here is steve rogers s backside  truly  america s ass                                        17 out of 22 found this helpful                                                       was this review helpful   sign in to vote                                                   permalink                              "
"7","                 burn you scorsese blurays for another marvellian mass production    ummm    product is here  let s get some cgi going  so happy we do not understand even the basics of the human psyche  let s make sure no one does  let us judge everyone for we are truly better  let s keep that pc flag flying high  let s not see anything that it real  let s polish the world  we all hate real movies  alpa chino truly stands for booty sweat  thank you so much                                       17 out of 22 found this helpful                                                       was this review helpful   sign in to vote                                                   permalink                              "
"8","                 after avengers infinity war  we waited for the avengers endgame  we wondered how the story would go on  how our heroes would turn back  what would be the end of thanos  many theories related to this have been put forward  avengers endgame was undoubtedly the most anticipated film of recent years  normally  the higher the expectation  the higher the probability of disappointment  but this is not the case for endgame  whatever you re expecting  you find much more in the film  this means that the biggest concern about the film has disappeared on the other hand  another comparison comes up  is endgame more successful than infinity war  we can comfortably say it avengers infinity war is just the beginning of the story  endgame was the finale of the story  so we shouldn t think of these two films as two separate stories  there is only one story divided into two parts avengers endgame is  above all  a great homage to the ten year history of the marvel cinematic universe  the story highlights the original avengers team  iron man  captain america  thor  hulk  black widow and hawkeye are at the center of events  no character comes in front of them  of course there are many characters that play an important role in the story outside the original avengers team  everyone s concern was that captain marvel  who was included in the marvel world  overshadowed other heroes  we can say that this certainly did not happen  what is important in this struggle is not how strong you are  but how good you are  this comes to the fore in all areas  it gives good message about being a hero and a family of course  avengers endgame has some critical aspects  for example  is the three hour period necessary in terms of the story  it can be discussed  the head of the story moves much slower than the rest  it also drags the heroes into an emotional predicament  then the tempo is rising and the heavy scenes we are watching are getting more meaningful  the last 45 minutes of the movie is fully action packed  but the last 45 minutes goes so fast that you don t even realize it  action and battle scenes are really successful  there is not even a slight distress about visual effects  there are also slight logic errors in the film  but in general the story is so successful that these details become meaningless and insignificant after a certain point lastly  avengers endgame doesn t have a movie end scene  because after the film s final  there is no need for another scene  the marvel legend stan lee appears with a small stage  but this is the last surprise scene in the marvel cinematic universe  moreover  there is no clue about marvel s future  this makes us wonder more about spider man  far from home  10 10                                      1 927 out of 3 341 found this helpful                                                       was this review helpful   sign in to vote                                                   permalink                              "
"9","                 for a while  the hype for this movie was built up because it was intended to be the culmination of all 22 marvel cinematic universe films  however  taking a look at it now  all i see is that they were lazy with the writing and went with the most predictable storyline possible and used time travel as an excuse to replay their greatest hits  it didn t feel like an original story whatsoever  there are great movies being made with actual heart and soul and i am deeply saddened to say that avengers  endgame is not one of them  it lacks originality and whatever originality there is is simply the writers pandering to the fans  eg  captain america being able to lift mjolnir   the entire movie also felt as if they expected the audience to have seen every single marvel movie before it  what of those who haven t  i seriously don t understand how this movie became the highest grossing film of all time  and now they are campaigning for it to get an oscar       i have to be honest when i say that it does not have my vote  i grew up with the marvel cinematic universe and these characters meant so much to me and a lot of people  they brought people together and this movie only makes them look like a joke  especially iron man  black widow  thor  and hulk  the russos thought they were being funny by making thor into santa claus  well  if they were going in that direction  they might as well have sent him to the north pole and have him use the bifrost to send presents to kids every christmas    more efficient than using a sleigh with 9 reindeers    no elves needed  proven in thor  the dark world which they keep trying to remind us happened   as for the hulk  he was even more useless in this film than in the previous film  i don t know what they were thinking  when did shrek get a phd in physics    and thanos at the beginning was just a rip off of two face from the dark knight  a movie that  need i remind you  did win an oscar  might as well have nebula walk casually out in a nurse costume as the avengers facility was blown to kingdom come  and don t even get me started on black widow s death     they basically just rehashed gamora s death from infinity war  like  did they even get ross marquand to come back as red skull or did they just use archived footage  black widow was a character we as marvel fans grew to love and relate to because she was damaged  she had demons  she as a character that we as fans who have our own struggles could relate to  and she deserved a better death than that  she didn t even get a proper funeral     that just makes me so mad        and then iron man  the godfather of the mcu    they shouldn t have done that to rdj  in the film  he starts out in space like he did in the first trailer for the film and then in the actual film  it s only true that he will die in space for  like  two minutes  that is  until  surprise  surprise  captain social justice warrior comes to the rescue  i mean  she can fly through space and shoot plasma beams but she can t even hold out on her own against thanos without his mirror image kitchen knife    even wanda maximoff gave him a literal run for his money and when she lifted up thanos  she didn t look like she was struggling at all  she was all  please keep all arms and legs straight and enjoy the ride cause you gonna die for killing my red tornado rip off boyfriend   that final battle has its cringeworthy moments  like that all star ladies team up but i ve seen grannies walking into a book club meeting look more intimidating than them  i mean  what the hell was mantis there for  was she gonna be their cheerleader  if so  where were her pom poms  ohhhhhh  the actress s name is pom   klementeiff  and was that supposed to be funny  kevin    then there was the funeral scene  with everyone acting like the president had died or something  i mean  i bet you drax didn t even remember who it was that died to begin with and was probably asking himself why everyone was so sad while aunt may was getting happy s number  probably when they started dating   and nick fury saw the funeral and he was all  well  i m done with this planet  i m gonna ask carol about that new hairdo cause it s not doing her any favors  while carol was all  i rescued him from space for this     nebula was probably even wondering who to play paper soccer with and wanda was probably wondering whether or not she had to stay in her room  then you have the old man rogers debacle with bucky and sam all like  oh  yeah  you invented time travel  that s cool  we re just gonna pretend like that s normal and all  and bucky thinking  well  looks like i m the sidekick now   plus  what about all the stuff about the infinity stones and branched timelines that the ancient one was babbling on about  did everything she said suddenly not matter because it was captain america  it feels like they only brought in familiar faces because they thought it would look cool in the final battle  the way this movie went down  you would think that the final battle was the only thing that the russos directed  and the way they opened the film was just so random you didn t know if it was just another sneak peek or not  i mean  of all avengers  why start with hawkeye     i get that they wanted to show the scope of the impact that thanos had with his snap but to start with hawkeye     they should have left that scene in infinity war and opened the movie with carol arriving on earth or something  there is so much to point out about this movie that it is just exhausting  it feels like another attempt by hollywood and disney to make a cash grab and let everyone know that big brother  mickey  is watching and controls all  not too difficult to imagine an army of mickey mouses marching and saluting dear leader  bob iger                                        31 out of 44 found this helpful                                                       was this review helpful   sign in to vote                                                   permalink                              "
"10","                 i like the way all the plots come together to please the marvel nerds  but geez it s boring  it reminded me of star wars 2  or was it 3   just loads and loads of abysmal cgi  smashing  punch  zapping  lots of creatures  lots of people running around  i watched it over 3 nights  it was that shallow  unlike some films you can t stop  this made me doze of  they must ve spent the budget on the cast and left none for story or cgi  some of the characters were so forgetful i don t even know who they are  who s the guy that looks like jesus  who s the lady that has red glowing hands  i would look on imdb  but the cast is so big i can t be bothered                                       31 out of 44 found this helpful                                                       was this review helpful   sign in to vote                                                   permalink                              "
"11","                 i have to say  my first reaction walking out of the cinema was that it was great  probably an 8 10  you know there s so much fan service in this movie and i particularly loved the  i can do this all day  ca line from one ca to another  it was almost toy story 2  enlightened buzz to naive buzz banter i loved clever hulk  found thor hilarious  though a bit annoying at times  and loved the references to past movies  cap swinging mjollnir around was beautiful the deaths in this movie were also pretty surprising but i agree with some of the more balanced reviews in here that it was bizarre that so much time was spent on hawkeye   does anyone really care about him  not really killing off black widow was a surprising touch  but i  like many others  probably felt more of an emotional reaction to banner s relationship with her and not hawkeye  because no one actually cares about him   renner  as an actor  just doesn t cut it much  unfortunately the real problem with end game  is the time travel  i don t know why any movie franchise would ever want to deal with time travel knowing how much grief it creates  sure they try to explain everything with their hilarious conversation about movies  but in the end  there are just too many questions left at the end of the day  particularly when they already try to explain it through the ancient one the most glaring one of these is  if they change the past  they re changing another timeline  so how selfish is that  if tony stark snaps his fingers and kills thanos  what happens to that original timeline  if he sent thanos and everyone back  how does he magically know not to send gamora back who is now stuck in 2023   and so does that mean 2014 quill never meets gamora    what the hell  essentially erasing the entire 2014 gotg franchise in that universe  if captain america goes back in time  he will inevitably change history in some way or another  so that is another timeline  right  so while everyone else s timeline is meant to stay the same in the present  as said by stark  how does cap end up sitting by the same lake as everyone else there are also way too many questions about new timelines created   but perhaps that is intentional  such as the loki tv show  but this is why i hate it when they bring time travel into any movie and just add stuff to it to make it wrap up nicely in their own universe also  don t get me started on how impossibly strong thanos suddenly is without an infinity gauntlet  even with the ig he couldn t stop thor s stormbringer  but now without the ig can easily defeat thor with stormbringer and mjollnir  iron man and cap    how convenient i also think marvel made a serious mistake creating captain marvel  how is she brought in as a convenient deus ex machina and yet doesn t really stick around to show off all her abilities  and she can t even defeat thanos single handedly  pfft  that was rich  she can barely prevent thanos from snapping his fingers  yet in infinity war  cap was able to actually hold off his hand too  bizarre parallels so okay  sure  it was enjoyable to watch  but i just feel that there are too many plot inconsistencies creeping into end game  there should have been better ways to get the infinity stones back  and i think someone stupid just thought time travel was the best way to do it                                        2 676 out of 4 680 found this helpful                                                       was this review helpful   sign in to vote                                                   permalink                              "
"12","                 i want to start out saying i love all the marvel movies leading up to endgame  i loved infinity war because it seemed to be setting up a terrific conclusion to the original 6 avengers story arc s  i was very wrong  let s start with tony s arc  in ironman 1 tony is told you are a man who has everything and nothing  in ironman 2 we find out his dad was distant and cold to him  and in ironman 3 he is getting panic attacks because he thinks it s up to him to save the world from all threats  so in endgame he finally gets everything that s important  he becomes a dad and husband and    was proven right by having to die saving the universe himself  why  because we are supposed to believe tony can t retire  of course he can  didn t he say to steve in aou  isn t that why we fight so we can end the fight  so we can go home   tony wanted to retire  tony s arc should have been about being a good dad like his father never was and finally becoming the man who has everything important  he should have learned that he doesn t have to do it all on his own  team work should have won the final battle  what s the point of finally getting all the avengers together if it s left to one man to sacrifice himself to save everyone  tony s ending was not satisfying and it was not the end they have been building towards from the beginning  now let s talk about the real tragedy in this movie  steve rogers character  we know he is a good man who always does what he believes is right  he calls home the avengers facility and says he can t ignore a situation that s headed south  he loved peggy but found out she had gotten married and had a happy life and he tried moving on with her niece  this storyline was ignored which was ok because most of steves storyline in the mcu has been about saving bucky  you remember him right  steve didn t seem to for the entire movie  instead of thinking about sam and bucky and all the people they are going to save if their plan works when they find thanos in the beginning of endgame steve s just looking at the peggy compass that he hasn t looked at in at least 3 movies  why  so we can all forget about his actual character development and think it s a great ending when he goes back in time to be with peggy  i m just going to ignore all the plot holes associated with steve going back in time and just focus on the character assasination this commits  this means the same guy who says he can t ignore a situation headed south  who never ran away from a fight  who said i m with you till the end of the line  to bucky is just going to live out his life in the past never saving his friend from being a brain washed assassin  never saving his other friends parents from being killed by his best friend  never stopping any of the thousands of bad things he would know are going to happen  that s not steve  the writers never let steve get a personal life  he never found someone after peggy and he never had anything except the avengers  he was the one that was set up to die  the final battle starts with what is probably the most epic scene in comic book movie history but fizzles our soon after  doctor stranges plan makes no sense  how was this the only way they could win  why couldn t captain marvel snap  why couldn t captain marvel just fly the gauntlet to another galaxy  why couldn t doctor strange open a portal and drop the gauntlet on some random planet  in infinity war why didn t doctor strange use his portal to go to wakanda and tell thor to aim for the head  the characters powers were very inconsistent for the first time in the mcu  why was thanos with no infinity stones able to fight mjolnir and storm breaker but thanos with all 6 stones would have lost to storm breaker if thor would have just aimed for the head  why can captain marvel fly through a huge spaceship 10 times but she gets knocked out after one punch from thanos  why does no one attack thanos at the same time as someone else  where s the big team up  you would think getting everyone together for the first time would have been the only way to defeat thanos  but you d be wrong because it s all about tony stark  even steve picking up mjolnir means nothing really because it has no affect on the end of the battle  thor and steve could be taken out of this movie and nothing would change  they do nothing of importance  this movie seems so disconnected from infinity war that it s boggles my mind how this movie has the same writers and directors as infinity war and it was filmed at the same time as infinity war  how can you get one so wrong and the other so right  it seems clear to me that the writers and directors decided that tony was dying and steve was going back to the past no matter how much their story suffered from doing it  it s like they had a check list of things to put in the movie without actually making a good story that fit in with the rest of their movies  this is by far the most dissapointing ending to anything i ve ever looked forward to                                       327 out of 551 found this helpful                                                       was this review helpful   sign in to vote                                                   permalink                              "
"13","                 3 hours out of my life i will never get back  not worth the hype  you think the soap opera is done by the ultimate battle  think again  let us milk it and release another spider man  geez a lou                                       198 out of 327 found this helpful                                                       was this review helpful   sign in to vote                                                   permalink                              "
"14","                 cheap dialogs  non sense violence  the only thing the movie has to offer is explosions  is it really that hard to make quality superhero movies  look at christopher nolan s series of batman movies  those are quality films  this movie is flat  it can be consumed as fast food  nothing to offer really                                      292 out of 491 found this helpful                                                       was this review helpful   sign in to vote                                                   permalink                              "
"15","                 so much advertising for a movie   i saw the avengers faces everywhere   even on cola s cans at the supermarket    was it worth it  nope  it was boring                                       223 out of 371 found this helpful                                                       was this review helpful   sign in to vote                                                   permalink                              "
"16","                 endgame is a much less interesting and visually engaging movie than infinity war  i don t understand all the crazy hype and 8 8 on imdb is stupid  this is why i m giving it one star  to mitigate the stupidity as everyone expected  remaining avengers use time travel to try to fix things  yet even for a marvel movie the time travel science is confusing and ridiculous  as well as shown in a very boring way  i ve seen low budget movies that had better grasp on the scientific  logical and visual aspect of time travel the whole point of endgame is to resurrect the fallen avengers and other trillions of creatures across the galaxy  yet while doing it avengers end up losing irrevocably even more important members of the team  and the whole thing looks ill conceived a lot of time is spent on meaningless conversations  while the devastation thanos caused across the galaxy is barely shown  negating the past and current sacrifices of avengers i left infinity war wanting to see how the story ends  i left endgame feeling that i should ve waited for it to come out on netflix                                       223 out of 371 found this helpful                                                       was this review helpful   sign in to vote                                                   permalink                              "
"17","                 one of the best comic book movie villains was ruined  who writes this thing  time travel  really  result  film full of plot holes  unsatisfying deaths of main characters tony and natasha  previously cool   now ruined characters thor and hulk  i feel like thanos today                                       297 out of 500 found this helpful                                                       was this review helpful   sign in to vote                                                   permalink                              "
"18","                 what is this garbage  3 hours of absolutely nothing but awful dialogue and boring misplaced fight scenes  must be all the brainwashed marvel fanboys who gave this movie a top rating                                         182 out of 300 found this helpful                                                       was this review helpful   sign in to vote                                                   permalink                              "
"19","                 very long boring i give 1 star to make balance because every rate it 10 for nothing                                      231 out of 385 found this helpful                                                       was this review helpful   sign in to vote                                                   permalink                              "
"20","                 wow very cool  time travel  literally the laziest plot ever                                      310 out of 523 found this helpful                                                       was this review helpful   sign in to vote                                                   permalink                              "
"21","                 as a huge fan of marvel i can say that the characters i know and love that i expected to see in the grand final√© of a 22 movie saga  where nowhere to be found  fat thor was played off for jokes too much  captain america was more thor than actual thor  professor hulk was just a boring character  thanos was nothing like how he was in the infinitely superior  infinity war   time travel rules was just cheap writing  an easy way out of a complex predicament crafted by two people with minimal creative abilities  the plot was littered with holes and just boring  this movie was not exciting  one of my biggest problems was the stupid one liners and cheap jokes  this movie was not meant to be funny  there is room for humor  but there also needs to be room for plot and suspense and seriousness  another of my biggest problems was cap lifting mjolnir  i have no problem with him lifting it  but it was anti climactic  good idea  but butchered in execution  i don t say this lightly or out of arrogance or vanity  but i  as a 15 year old kid could have created a better movie  also  the greatest part of the film  joe russo got cast as the gay extra in his own movie                                       150 out of 245 found this helpful                                                       was this review helpful   sign in to vote                                                   permalink                              "
"22","                 worst movie i saw this year boring mess plot holes too cheesy bad writing                                      236 out of 394 found this helpful                                                       was this review helpful   sign in to vote                                                   permalink                              "
"23","                 1 2   terrible  scrap the whole thing   try again                                       236 out of 394 found this helpful                                                       was this review helpful   sign in to vote                                                   permalink                              "
"24","                 i haven t really been a fan of many of the marvel movies but gave this one a shot given all the hype  total waste of three hours  the time travel  plot holes and cheesy death scenes all were too confusing  these movies have consistently pandered to its audiences and this one was no different  if anything it was worse                                       136 out of 221 found this helpful                                                       was this review helpful   sign in to vote                                                   permalink                              "
"25","                 if you are a 7 years old kid or you have a 7 years old mind you will love this movie                                          136 out of 221 found this helpful                                                       was this review helpful   sign in to vote                                                   permalink                              "
